{
  "30.0s": {
    "NeverProject": {
      "weighted_cost": 5662165.601938518,
      "projections": 0,
      "peak_context": 125946
    },
    "FixedInterval(5)": {
      "weighted_cost": 957203.241890457,
      "projections": 20,
      "peak_context": 42423
    },
    "CacheBoundary": {
      "weighted_cost": 5662165.601938518,
      "projections": 0,
      "peak_context": 125946
    },
    "PressureTriggered(0.8)": {
      "weighted_cost": 5662165.601938518,
      "projections": 0,
      "peak_context": 125946
    },
    "Adaptive(loss\u22655)": {
      "weighted_cost": 2364307.48740906,
      "projections": 83,
      "peak_context": 39490
    }
  },
  "60.0s": {
    "NeverProject": {
      "weighted_cost": 5725562.501938518,
      "projections": 0,
      "peak_context": 125946
    },
    "FixedInterval(5)": {
      "weighted_cost": 991816.341890457,
      "projections": 20,
      "peak_context": 42423
    },
    "CacheBoundary": {
      "weighted_cost": 5725562.501938518,
      "projections": 0,
      "peak_context": 125946
    },
    "PressureTriggered(0.8)": {
      "weighted_cost": 5725562.501938518,
      "projections": 0,
      "peak_context": 125946
    },
    "Adaptive(loss\u22655)": {
      "weighted_cost": 2364307.48740906,
      "projections": 83,
      "peak_context": 39490
    }
  },
  "120.0s": {
    "NeverProject": {
      "weighted_cost": 5806320.4019385185,
      "projections": 0,
      "peak_context": 125946
    },
    "FixedInterval(5)": {
      "weighted_cost": 1045245.741890457,
      "projections": 20,
      "peak_context": 42423
    },
    "CacheBoundary": {
      "weighted_cost": 3162469.5635596053,
      "projections": 16,
      "peak_context": 106377
    },
    "PressureTriggered(0.8)": {
      "weighted_cost": 5806320.4019385185,
      "projections": 0,
      "peak_context": 125946
    },
    "Adaptive(loss\u22655)": {
      "weighted_cost": 2367497.98740906,
      "projections": 83,
      "peak_context": 39490
    }
  }
}